date,side,symbol,shares,price,value,rating,entry_date,entry_price,cost_basis,pnl,pnl_pct,holding_days
2026-01-02,BUY,FOX,304.84363018638504,65.60740661621094,20000.0,90.0,,,,,,
2026-01-02,BUY,GS,22.08572466728356,905.5623168945312,20000.0,90.0,,,,,,
2026-01-02,BUY,MS,111.15077928168198,179.93576049804688,20000.0,90.0,,,,,,
2026-01-02,BUY,RTX,107.61021771627789,185.85595703125,20000.0,90.0,,,,,,
2026-01-02,BUY,HAL,681.8374972258671,29.332502365112305,20000.0,83.75,,,,,,
2026-01-05,SELL,FOX,304.84363018638504,67.39778900146484,20545.78666574256,90.0,2026-01-02,65.60740661621094,20000.0,545.7866657425584,0.02728933328712792,3.0
2026-01-05,SELL,MS,111.15077928168198,184.52565002441406,20510.16979767254,90.0,2026-01-02,179.93576049804688,20000.0,510.1697976725409,0.025508489883627045,3.0
2026-01-05,SELL,RTX,107.61021771627789,186.85841369628906,20107.87457997599,90.0,2026-01-02,185.85595703125,20000.0,107.87457997598904,0.0053937289987994515,3.0
2026-01-05,SELL,GS,22.08572466728356,939.3348999023438,20745.891969613527,88.75,2026-01-02,905.5623168945312,20000.0,745.8919696135272,0.03729459848067636,3.0
2026-01-06,SELL,HAL,681.8374972258671,30.5513858795166,20831.080484871294,82.75,2026-01-02,29.332502365112305,20000.0,831.0804848712942,0.04155402424356471,4.0
2026-01-09,BUY,CHRW,121.15158957495052,169.60702514648438,20548.160699575186,90.0,,,,,,
2026-01-09,BUY,DAL,285.6957015639574,71.9232406616211,20548.160699575186,90.0,,,,,,
2026-01-09,BUY,DD,157.59328805345677,130.3872833251953,20548.160699575186,90.0,,,,,,
2026-01-09,BUY,EXPD,129.98962217733467,158.0753936767578,20548.160699575186,90.0,,,,,,
2026-01-09,BUY,FDX,82.27611911226579,249.74635314941406,20548.160699575186,90.0,,,,,,
2026-01-12,SELL,DAL,285.6957015639574,70.65008544921875,20184.42572796809,84.0,2026-01-09,71.9232406616211,20548.160699575186,-363.73497160709667,-0.017701582974996712,3.0
2026-01-12,SELL,DD,157.59328805345677,129.25633239746094,20369.930424246417,79.0,2026-01-09,130.3872833251953,20548.160699575186,-178.2302753287695,-0.008673782434086874,3.0
2026-01-12,SELL,FDX,82.27611911226579,249.39456176757812,20519.216669940586,79.0,2026-01-09,249.74635314941406,20548.160699575186,-28.944029634600156,-0.0014085946697505896,3.0
2026-01-13,SELL,EXPD,129.98962217733467,159.8661651611328,20780.942408235038,79.0,2026-01-09,158.0753936767578,20548.160699575186,232.78170865985157,0.011328591014214918,4.0
2026-01-14,SELL,CHRW,121.15158957495052,171.1365203857422,20733.46147905859,79.0,2026-01-09,169.60702514648438,20548.160699575186,185.30077948340477,0.00901787669429876,5.0
2026-01-16,BUY,CMI,35.670760313248095,575.1936645507812,20517.595341889744,100.0,,,,,,
2026-01-16,BUY,AME,95.43696160082808,214.98583984375,20517.595341889744,90.0,,,,,,
2026-01-16,BUY,CHRW,117.53019744277691,174.57296752929688,20517.595341889744,90.0,,,,,,
2026-01-16,BUY,CASY,32.09036864768283,639.3692626953125,20517.595341889744,90.0,,,,,,
2026-01-16,BUY,EIX,332.83132398102117,61.645626068115234,20517.595341889744,90.0,,,,,,
2026-01-20,SELL,CHRW,117.53019744277691,173.9075469970703,20439.388335354677,79.0,2026-01-16,174.57296752929688,20517.595341889744,-78.2070065350672,-0.0038117043070537548,4.0
2026-01-20,SELL,CMI,35.670760313248095,562.138671875,20051.913827260745,79.0,2026-01-16,575.1936645507812,20517.595341889744,-465.68151462899914,-0.022696690663268935,4.0
2026-01-20,SELL,AME,95.43696160082808,212.48358154296875,20278.78741252273,68.0,2026-01-16,214.98583984375,20517.595341889744,-238.80792936701255,-0.011639177271395464,4.0
2026-01-20,SELL,EIX,332.83132398102117,59.19521713256836,19702.022491576754,52.6,2026-01-16,61.645626068115234,20517.595341889744,-815.5728503129903,-0.039749923747052184,4.0
2026-01-21,SELL,CASY,32.09036864768283,624.4036254882812,20037.342526868633,68.0,2026-01-16,639.3692626953125,20517.595341889744,-480.252815021111,-0.023406876245414734,5.0
2026-01-26,BUY,BKR,359.6588430571791,55.89155197143555,20101.89091871671,93.75,,,,,,
2026-01-26,BUY,DD,152.8102894213089,131.5480194091797,20101.89091871671,90.0,,,,,,
2026-01-26,BUY,JNJ,91.76475740832672,219.05894470214844,20101.89091871671,90.0,,,,,,
2026-01-26,BUY,TSN,320.652093588776,62.69065856933594,20101.89091871671,90.0,,,,,,
2026-01-26,BUY,FCX,329.346993046555,61.03559875488281,20101.89091871671,88.75,,,,,,
2026-01-27,SELL,DD,152.8102894213089,132.76824951171875,20288.3546338463,90.0,2026-01-26,131.5480194091797,20101.89091871671,186.46371512959013,0.009275929109533435,1.0
2026-01-27,SELL,JNJ,91.76475740832672,221.9765625,20369.625408146774,90.0,2026-01-26,219.05894470214844,20101.89091871671,267.7344894300659,0.013318870872032266,1.0
2026-01-27,SELL,TSN,320.652093588776,64.6777114868164,20739.043596778505,85.0,2026-01-26,62.69065856933594,20101.89091871671,637.1526780617969,0.031696156378430505,1.0
2026-01-27,SELL,BKR,359.6588430571791,56.10006332397461,20176.883870535195,83.75,2026-01-26,55.89155197143555,20101.89091871671,74.9929518184872,0.003730641665588876,1.0
2026-01-27,SELL,FCX,329.346993046555,62.73186492919922,20660.551082634403,83.75,2026-01-26,61.03559875488281,20101.89091871671,558.6601639176952,0.027791423512179704,1.0
2026-02-02,BUY,AME,90.06700246165796,227.0186767578125,20446.891718388233,95.0,,,,,,
2026-02-02,BUY,GOOGL,59.569687683044236,343.24322509765625,20446.891718388233,90.0,,,,,,
2026-02-02,BUY,GOOG,59.361005196641145,344.44989013671875,20446.891718388233,90.0,,,,,,
2026-02-02,BUY,CAH,93.62105313707661,218.40057373046875,20446.891718388233,90.0,,,,,,
2026-02-02,BUY,CMI,34.58079219238961,591.2788696289062,20446.891718388233,90.0,,,,,,
2026-02-03,SELL,CMI,34.58079219238961,598.7899169921875,20706.62968640506,90.0,2026-02-02,591.2788696289062,20446.891718388233,259.7379680168269,0.01270305392106323,1.0
2026-02-03,SELL,GOOGL,59.569687683044236,339.26837158203125,20210.1109358766,79.0,2026-02-02,343.24322509765625,20446.891718388233,-236.78078251163242,-0.01158028250810814,1.0
2026-02-03,SELL,GOOG,59.361005196641145,340.2554016113281,20197.90266323527,79.0,2026-02-02,344.44989013671875,20446.891718388233,-248.98905515296428,-0.012177354806894402,1.0
2026-02-03,SELL,CAH,93.62105313707661,217.4728240966797,20360.034820625366,79.0,2026-02-02,218.40057373046875,20446.891718388233,-86.85689776286745,-0.004247926724469107,1.0
2026-02-04,SELL,AME,90.06700246165796,227.1283416748047,20456.768908736925,84.0,2026-02-02,227.0186767578125,20446.891718388233,9.877190348692238,0.00048306561626721556,2.0
2026-02-09,BUY,HAS,213.8792650840546,95.31681060791016,20386.289402975843,93.75,,,,,,
2026-02-09,BUY,AME,87.61093698191341,232.69114685058594,20386.289402975843,90.0,,,,,,
2026-02-09,BUY,BNY,160.38877655801176,127.10546112060547,20386.289402975843,90.0,,,,,,
2026-02-09,BUY,BG,173.8450123940522,117.26703643798828,20386.289402975843,90.0,,,,,,
2026-02-09,BUY,CVX,113.76923911484329,179.1898193359375,20386.289402975843,90.0,,,,,,
2026-02-10,SELL,AME,87.61093698191341,232.39207458496094,20360.087401559133,79.0,2026-02-09,232.69114685058594,20386.289402975843,-26.202001416710118,-0.001285275652610197,1.0
2026-02-10,SELL,BNY,160.38877655801176,125.95004272460938,20200.97326002941,79.0,2026-02-09,127.10546112060547,20386.289402975843,-185.3161429464344,-0.009090234092300451,1.0
2026-02-10,SELL,BG,173.8450123940522,116.99030303955078,20338.180681894628,79.0,2026-02-09,117.26703643798828,20386.289402975843,-48.10872108121475,-0.002359856672798542,1.0
2026-02-10,SELL,CVX,113.76923911484329,178.8561553955078,20348.328710353097,79.0,2026-02-09,179.1898193359375,20386.289402975843,-37.96069262274614,-0.0018620697407152923,1.0
2026-02-11,SELL,HAS,213.8792650840546,104.35989379882812,22320.417389943344,83.75,2026-02-09,95.31681060791016,20386.289402975843,1934.1279869675018,0.09487395909748891,2.0
2026-02-17,BUY,BG,170.97266985652294,121.1515121459961,20713.59748875592,90.0,,,,,,
2026-02-17,BUY,HST,1046.19816813141,19.79892349243164,20713.59748875592,90.0,,,,,,
2026-02-17,BUY,MNST,249.8624500301095,82.9000015258789,20713.59748875592,90.0,,,,,,
2026-02-17,BUY,PH,20.556292418289132,1007.6524047851562,20713.59748875592,90.0,,,,,,
2026-02-17,BUY,ROST,104.93069673317173,197.40264892578125,20713.59748875592,90.0,,,,,,
2026-02-18,SELL,BG,170.97266985652294,121.04216766357422,20694.902570662172,79.0,2026-02-17,121.1515121459961,20713.59748875592,-18.69491809374813,-0.0009025432739965328,1.0
2026-02-18,SELL,PH,20.556292418289132,995.2504272460938,20458.658811897898,79.0,2026-02-17,1007.6524047851562,20713.59748875592,-254.93867685802252,-0.012307793322546329,1.0
2026-02-19,SELL,HST,1046.19816813141,19.85828971862793,20775.706325851355,84.0,2026-02-17,19.79892349243164,20713.59748875592,62.108837095434865,0.002998457275668785,2.0
2026-02-19,SELL,MNST,249.8624500301095,81.98999786376953,20486.2217442049,79.0,2026-02-17,82.9000015258789,20713.59748875592,-227.37574455102003,-0.010977124793240174,2.0
2026-02-19,SELL,ROST,104.93069673317173,199.56381225585938,20940.3698627352,79.0,2026-02-17,197.40264892578125,20713.59748875592,226.7723739792782,0.010947995590933846,2.0
2026-02-24,BUY,HSIC,248.0044660047401,83.3499984741211,20671.171863070304,93.75,,,,,,
2026-02-24,BUY,AME,87.5486893648276,236.11058044433594,20671.171863070304,90.0,,,,,,
2026-02-24,BUY,CASY,30.35380908543939,681.0075073242188,20671.171863070304,90.0,,,,,,
2026-02-24,BUY,CB,61.73928749054456,334.81390380859375,20671.171863070304,90.0,,,,,,
2026-02-24,BUY,CSX,489.82397372461304,42.20122528076172,20671.171863070304,90.0,,,,,,
2026-02-25,SELL,AME,87.5486893648276,232.30235290527344,20337.76653322234,79.0,2026-02-24,236.11058044433594,20671.171863070304,-333.405329847963,-0.016128999945262033,1.0
2026-02-25,SELL,CASY,30.35380908543939,675.271484375,20497.06171756002,79.0,2026-02-24,681.0075073242188,20671.171863070304,-174.11014551028347,-0.008422848335044648,1.0
2026-02-25,SELL,CB,61.73928749054456,332.5178527832031,20529.415308720752,79.0,2026-02-24,334.81390380859375,20671.171863070304,-141.75655434955115,-0.006857693182010821,1.0
2026-02-25,SELL,CSX,489.82397372461304,41.95280838012695,20549.49130966103,79.0,2026-02-24,42.20122528076172,20671.171863070304,-121.68055340927458,-0.005886485498514997,1.0
2026-02-25,SELL,HSIC,248.0044660047401,81.91000366210938,20314.04671866774,66.75,2026-02-24,83.3499984741211,20671.171863070304,-357.125144402562,-0.017276482763929665,1.0
2026-03-03,BUY,CF,193.12349627847968,105.86778259277344,20445.556317566377,93.75,,,,,,
2026-03-03,BUY,TGT,170.85037870521597,119.66936492919922,20445.556317566377,93.75,,,,,,
2026-03-03,BUY,CBOE,67.30089217321381,303.7932434082031,20445.556317566377,90.0,,,,,,
2026-03-03,BUY,TRGP,84.20029598976102,242.8204803466797,20445.556317566377,90.0,,,,,,
2026-03-03,BUY,VZ,407.9629312571946,50.1162109375,20445.556317566377,90.0,,,,,,
2026-03-04,SELL,CBOE,67.30089217321381,299.9912109375,20189.67614021653,79.0,2026-03-03,303.7932434082031,20445.556317566377,-255.88017734984896,-0.012515197599685867,1.0
2026-03-04,SELL,TRGP,84.20029598976102,241.83543395996094,20362.615120241015,79.0,2026-03-03,242.8204803466797,20445.556317566377,-82.94119732536274,-0.00405668576766001,1.0
2026-03-04,SELL,CF,193.12349627847968,104.28424072265625,20139.737175105984,72.75,2026-03-03,105.86778259277344,20445.556317566377,-305.8191424603938,-0.014957731533949048,1.0
2026-03-04,SELL,TGT,170.85037870521597,118.95610046386719,20323.694813547427,72.75,2026-03-03,119.66936492919922,20445.556317566377,-121.86150401895065,-0.005960292893289966,1.0
2026-03-05,SELL,VZ,407.9629312571946,50.4216194152832,20570.15165539361,68.0,2026-03-03,50.1162109375,20445.556317566377,124.59533782723156,0.006094005753229711,2.0
2026-03-10,BUY,CASY,29.469027537558215,689.441650390625,20317.174980900912,90.0,,,,,,
2026-03-10,BUY,AEP,154.67256787971147,131.3560333251953,20317.174980900912,79.0,,,,,,
2026-03-10,BUY,AMGN,54.52574538766502,372.6161804199219,20317.174980900912,79.0,,,,,,
2026-03-10,BUY,CVX,110.06100562199687,184.59921264648438,20317.174980900912,79.0,,,,,,
2026-03-10,BUY,CME,66.66617831183731,304.7598571777344,20317.174980900912,79.0,,,,,,
2026-03-11,SELL,AEP,154.67256787971147,130.3135986328125,20155.938930183165,79.0,2026-03-10,131.3560333251953,20317.174980900912,-161.23605071774728,-0.00793594832299848,1.0
2026-03-11,SELL,AMGN,54.52574538766502,374.8096618652344,20436.77619170059,79.0,2026-03-10,372.6161804199219,20317.174980900912,119.60121079967575,0.005886704766391314,1.0
2026-03-11,SELL,CASY,29.469027537558215,684.5250854492188,20172.28859325242,79.0,2026-03-10,689.441650390625,20317.174980900912,-144.88638764849384,-0.007131227042376401,1.0
2026-03-11,SELL,CME,66.66617831183731,301.765380859375,20117.544688710594,74.6,2026-03-10,304.7598571777344,20317.174980900912,-199.63029219031887,-0.0098256914348565,1.0
2026-03-13,SELL,CVX,110.06100562199687,195.03366088867188,21465.600847546746,79.0,2026-03-10,184.59921264648438,20317.174980900912,1148.4258666458336,0.05652487945422566,3.0
2026-03-17,BUY,CASY,29.610324838474238,691.3004150390625,20469.629850278703,90.0,,,,,,
2026-03-17,BUY,CVX,104.34467091180251,196.1732177734375,20469.629850278703,90.0,,,,,,
2026-03-17,BUY,XOM,129.7686971110976,157.73934936523438,20469.629850278703,90.0,,,,,,
2026-03-17,BUY,VTR,234.10088166539555,87.4393539428711,20469.629850278703,90.0,,,,,,
2026-03-17,BUY,BG,163.48614513352328,125.20712280273438,20469.629850278703,83.75,,,,,,
2026-03-18,SELL,XOM,129.7686971110976,156.52757263183594,20312.379162396046,79.0,2026-03-17,157.73934936523438,20469.629850278703,-157.25068788265708,-0.007682146137123043,1.0
2026-03-18,SELL,VTR,234.10088166539555,86.77362823486328,20313.782875086756,79.0,2026-03-17,87.4393539428711,20469.629850278703,-155.84697519194742,-0.007613570754911599,1.0
2026-03-18,SELL,BG,163.48614513352328,123.28865814208984,20155.987458335036,72.75,2026-03-17,125.20712280273438,20469.629850278703,-313.64239194366746,-0.01532232845624207,1.0
2026-03-18,SELL,CASY,29.610324838474238,669.0558471679688,19810.96096972413,68.35,2026-03-17,691.3004150390625,20469.629850278703,-658.6688805545746,-0.032177859852488076,1.0
2026-03-24,BUY,EQT,309.276767992085,65.14643096923828,20148.27761638549,90.0,,,,,,
2026-03-24,BUY,XOM,122.65711018691482,164.2650604248047,20148.27761638549,90.0,,,,,,
2026-03-24,BUY,TRGP,82.28146239412433,244.8701934814453,20148.27761638549,90.0,,,,,,
2026-03-24,BUY,AKAM,175.9674900994366,114.5,20148.27761638549,83.75,,,,,,
2026-03-25,SELL,CVX,104.34467091180251,203.2880401611328,21212.023650918694,79.0,2026-03-17,196.1732177734375,20469.629850278703,742.3938006399912,0.03626806181011052,8.0
2026-03-25,SELL,XOM,122.65711018691482,162.1593475341797,19889.99695833809,79.0,2026-03-24,164.2650604248047,20148.27761638549,-258.2806580473989,-0.012818994405623703,1.0
2026-03-25,SELL,TRGP,82.28146239412433,244.2333984375,20095.88118892434,79.0,2026-03-24,244.8701934814453,20148.27761638549,-52.39642746114987,-0.00260054127001599,1.0
2026-03-26,SELL,EQT,309.276767992085,66.67212677001953,20620.13988259021,79.0,2026-03-24,65.14643096923828,20148.27761638549,471.8622662047201,0.023419484046665127,2.0
2026-03-26,SELL,AKAM,175.9674900994366,117.25,20632.18821415894,72.75,2026-03-24,114.5,20148.27761638549,483.9105977734507,0.0240174672489083,2.0
2026-03-31,BUY,TRGP,82.13198735042138,249.47705078125,20490.045978986058,95.0,,,,,,
2026-03-31,BUY,TGT,170.6570724318661,120.06561279296875,20490.045978986058,90.0,,,,,,
2026-03-31,BUY,OKE,229.40134693330424,89.31964111328125,20490.045978986058,84.0,,,,,,
2026-03-31,BUY,ADM,283.74109360795075,72.21388244628906,20490.045978986054,83.75,,,,,,
2026-03-31,BUY,CASY,28.170612992014558,727.3553466796875,20490.045978986058,83.75,,,,,,
2026-04-01,SELL,TRGP,82.13198735042138,243.5667266845703,20004.619315040673,79.0,2026-03-31,249.47705078125,20490.045978986058,-485.42666394538537,-0.02369085283865266,1.0
2026-04-01,SELL,TGT,170.6570724318661,119.3226318359375,20363.25102398648,79.0,2026-03-31,120.06561279296875,20490.045978986058,-126.7949549995792,-0.006188124474177173,1.0
2026-04-01,SELL,OKE,229.40134693330424,86.32552337646484,19803.191337283475,74.6,2026-03-31,89.31964111328125,20490.045978986058,-686.8546417025827,-0.03352138118220911,1.0
2026-04-01,SELL,ADM,283.74109360795075,71.89598083496094,20399.844228128084,72.75,2026-03-31,72.21388244628906,20490.045978986054,-90.20175085797018,-0.0044022229598937096,1.0
2026-04-02,SELL,CASY,28.170612992014558,742.904541015625,20928.076314961378,83.75,2026-03-31,727.3553466796875,20490.045978986058,438.03033597531976,0.02137771366762914,2.0
2026-04-08,BUY,CASY,26.786240566823135,757.8441772460938,20299.79644388002,93.75,,,,,,
2026-04-08,BUY,EIX,273.0302200469546,74.3499984741211,20299.79644388002,90.0,,,,,,
2026-04-08,BUY,EQIX,20.04618359103979,1012.6514282226562,20299.79644388002,90.0,,,,,,
2026-04-08,BUY,MRK,165.98291980331354,122.3005142211914,20299.79644388002,90.0,,,,,,
2026-04-08,BUY,TGT,166.4359050644243,121.9676513671875,20299.79644388002,90.0,,,,,,
2026-04-09,SELL,CASY,26.786240566823135,758.2339477539062,20310.236930468138,83.75,2026-04-08,757.8441772460938,20299.79644388002,10.440486588118802,0.0005143148413818897,1.0
2026-04-09,SELL,MRK,165.98291980331354,121.80408477783203,20217.397635394896,79.0,2026-04-08,122.3005142211914,20299.79644388002,-82.39880848512257,-0.004059095307330737,1.0
2026-04-10,SELL,EQIX,20.04618359103979,1025.1695556640625,20550.73712478648,79.0,2026-04-08,1012.6514282226562,20299.79644388002,250.94068090646033,0.012361733852859096,2.0
2026-04-10,SELL,TGT,166.4359050644243,120.74916076660156,20096.995857959006,79.0,2026-04-08,121.9676513671875,20299.79644388002,-202.8005859210134,-0.00999027682280793,2.0
2026-04-10,SELL,EIX,273.0302200469546,75.72000122070312,20673.848595244242,74.0,2026-04-08,74.3499984741211,20299.79644388002,374.0521513642234,0.018426399121701173,2.0
2026-04-15,BUY,CBOE,66.92854913901645,304.3520812988281,20369.843228770547,83.75,,,,,,
2026-04-15,BUY,C,155.41195133819795,131.0699920654297,20369.84322877055,83.75,,,,,,
2026-04-15,BUY,ALL,93.83289374631602,217.0863800048828,20369.84322877055,79.0,,,,,,
2026-04-15,BUY,BNY,154.97650968009137,131.43826293945312,20369.84322877055,79.0,,,,,,
2026-04-15,BUY,STT,142.7059159651362,142.74000549316406,20369.84322877055,79.0,,,,,,
2026-04-16,SELL,BNY,154.97650968009137,134.30686950683594,20814.409862228928,79.0,2026-04-15,131.43826293945312,20369.84322877055,444.5666334583766,0.02182474496565917,1.0
2026-04-16,SELL,C,155.41195133819795,128.73104858398438,20006.343458249376,72.75,2026-04-15,131.0699920654297,20369.84322877055,-363.4997705211754,-0.017844995979535327,1.0
2026-04-16,SELL,STT,142.7059159651362,141.89999389648438,20249.96860444504,68.0,2026-04-15,142.74000549316406,20369.84322877055,-119.87462432551183,-0.0058849065738611,1.0
2026-04-16,SELL,ALL,93.83289374631602,212.7492218017578,19962.87512393576,57.0,2026-04-15,217.0863800048828,20369.84322877055,-406.96810483479203,-0.019978951249854816,1.0
2026-04-17,SELL,CBOE,66.92854913901645,299.3126525878906,20032.561576657998,66.75,2026-04-15,304.3520812988281,20369.843228770547,-337.28165211254964,-0.016557891404690342,2.0
2026-04-22,BUY,CASY,25.835991140801035,782.3671875,20213.231725103422,90.0,,,,,,
2026-04-22,BUY,CAT,24.989469070582807,808.8699951171875,20213.231725103422,83.75,,,,,,
2026-04-22,BUY,EME,23.5037578198877,860.0,20213.231725103422,83.75,,,,,,
2026-04-22,BUY,HUBB,36.87853828453398,548.1028442382812,20213.231725103422,83.75,,,,,,
2026-04-22,BUY,PWR,32.93237114322373,613.780029296875,20213.231725103426,83.75,,,,,,
2026-04-23,SELL,EME,23.5037578198877,873.1099853515625,20521.36564582882,83.75,2026-04-22,860.0,20213.231725103422,308.13392072539864,0.015244169013444685,1.0
2026-04-23,SELL,HUBB,36.87853828453398,556.1785278320312,20511.051131689313,83.75,2026-04-22,548.1028442382812,20213.231725103422,297.81940658589156,0.01473388375674834,1.0
2026-04-23,SELL,CAT,24.989469070582807,835.239990234375,20872.2039024758,78.75,2026-04-22,808.8699951171875,20213.231725103422,658.9721773723795,0.03260103017341765,1.0
2026-04-23,SELL,PWR,32.93237114322373,633.4400024414062,20860.681257364937,78.75,2026-04-22,613.780029296875,20213.231725103426,647.4495322615112,0.032030975603837955,1.0
2026-04-28,SELL,CASY,25.835991140801035,784.0659790039062,20257.12168734841,79.0,2026-04-22,782.3671875,20213.231725103422,43.889962244989874,0.002171348097220971,6.0
2026-04-29,BUY,SBUX,196.44788429588831,104.88524627685547,20604.484724941452,93.75,,,,,,
2026-04-29,BUY,ADM,279.2558771980147,73.78353118896484,20604.484724941452,88.75,,,,,,
2026-04-29,BUY,STX,32.05219494755435,642.8416137695312,20604.484724941452,87.5,,,,,,
2026-04-29,BUY,VTR,235.83019431400342,87.37000274658203,20604.484724941452,84.6,,,,,,
2026-04-29,BUY,FTV,334.0042291579689,61.689292907714844,20604.484724941452,84.0,,,,,,
2026-04-30,SELL,ADM,279.2558771980147,74.05176544189453,20679.390716537888,88.75,2026-04-29,73.78353118896484,20604.484724941452,74.90599159643534,0.0036354217344616553,1.0
2026-04-30,SELL,STX,32.05219494755435,673.1600341796875,21576.25664642969,82.5,2026-04-29,642.8416137695312,20604.484724941452,971.7719214882381,0.04716312659408178,1.0
2026-04-30,SELL,SBUX,196.44788429588831,104.71623992919922,20571.28378551181,72.75,2026-04-29,104.88524627685547,20604.484724941452,-33.20093942964377,-0.0016113452907392765,1.0
2026-04-30,SELL,FTV,334.0042291579689,59.73122024536133,19950.480174716777,67.35,2026-04-29,61.689292907714844,20604.484724941452,-654.0045502246758,-0.03174088354818269,1.0
2026-05-01,SELL,VTR,235.83019431400342,88.0199966430664,20757.77291185228,79.0,2026-04-29,87.37000274658203,20604.484724941452,153.2881869108278,0.0074395544929728085,2.0
2026-05-06,BUY,JBL,55.6258093200893,372.25592041015625,20707.03684700969,93.75,,,,,,
2026-05-06,BUY,FRT,177.33182703006645,116.7699966430664,20707.03684700969,90.0,,,,,,
2026-05-06,BUY,HST,955.1216123399312,21.68000030517578,20707.03684700969,90.0,,,,,,
2026-05-06,BUY,ROST,90.63664602006621,228.4620819091797,20707.03684700969,90.0,,,,,,
2026-05-06,BUY,VTRS,1307.7811352992542,15.833717346191406,20707.03684700969,89.0,,,,,,
2026-05-07,SELL,FRT,177.33182703006645,115.66999816894531,20511.972107863512,79.0,2026-05-06,116.7699966430664,20707.03684700969,-195.0647391461789,-0.009420215001662503,1.0
2026-05-07,SELL,ROST,90.63664602006621,224.04074096679688,20306.301333080915,69.6,2026-05-06,228.4620819091797,20707.03684700969,-400.7355139287756,-0.019352624756962557,1.0
2026-05-07,SELL,JBL,55.6258093200893,349.5210876464844,19442.39337477356,66.5,2026-05-06,372.25592041015625,20707.03684700969,-1264.64347223613,-0.06107312608654374,1.0
2026-05-08,SELL,VTRS,1307.7811352992542,17.044822692871094,22290.89757225745,77.75,2026-05-06,15.833717346191406,20707.03684700969,1583.8607252477595,0.07648900887895436,2.0
2026-05-11,SELL,HST,955.1216123399312,21.780000686645508,20802.549372593665,79.0,2026-05-06,21.68000030517578,20707.03684700969,95.51252558397391,0.004612563656000202,5.0
2026-05-13,BUY,CSCO,202.91373510154713,101.87000274658203,20670.822752113825,93.75,,,,,,
2026-05-13,BUY,GOOGL,51.37143930197265,402.3796691894531,20670.822752113825,83.75,,,,,,
2026-05-13,BUY,GOOG,51.832556130480086,398.79998779296875,20670.822752113825,83.75,,,,,,
2026-05-13,BUY,ADI,47.936912007595964,431.2088928222656,20670.822752113825,83.75,,,,,,
2026-05-13,BUY,CASY,23.268520749427367,888.3599853515625,20670.822752113825,83.75,,,,,,
2026-05-14,SELL,CSCO,202.91373510154713,115.52999877929688,23442.62356858431,82.5,2026-05-13,101.87000274658203,20670.822752113825,2771.8008164704843,0.13409242823617343,1.0
2026-05-14,SELL,GOOGL,51.37143930197265,400.8305969238281,20591.2446802459,72.75,2026-05-13,402.3796691894531,20670.822752113825,-79.57807186792343,-0.0038497776707889226,1.0
2026-05-14,SELL,GOOG,51.832556130480086,396.9311218261719,20573.954651989483,72.75,2026-05-13,398.79998779296875,20670.822752113825,-96.86810012434216,-0.004686223731197942,1.0
2026-05-14,SELL,ADI,47.936912007595964,425.6241760253906,20403.108674434687,72.75,2026-05-13,431.2088928222656,20670.822752113825,-267.7140776791384,-0.01295130246577929,1.0
2026-05-14,SELL,CASY,23.268520749427367,877.47998046875,20417.66113274423,72.75,2026-05-13,888.3599853515625,20670.822752113825,-253.16161936959543,-0.012247292834229677,1.0
2026-05-20,BUY,HST,945.5479490132537,22.299999237060547,21085.718541599723,90.0,,,,,,
2026-05-20,BUY,STT,136.8580355631955,154.07000732421875,21085.71854159972,90.0,,,,,,
2026-05-20,BUY,EBAY,177.74188391239733,118.63111877441406,21085.718541599723,83.75,,,,,,
2026-05-20,BUY,ECHO,148.70040964599497,141.8000030517578,21085.718541599723,83.75,,,,,,
2026-05-20,BUY,JBHT,80.21043118513096,262.8800048828125,21085.718541599723,83.75,,,,,,
2026-05-21,SELL,STT,136.8580355631955,153.69000244140625,21033.71181983358,79.0,2026-05-20,154.07000732421875,21085.71854159972,-52.00672176613807,-0.0024664429463731453,1.0
2026-05-21,SELL,EBAY,177.74188391239733,116.8061752319336,20761.349638325482,72.75,2026-05-20,118.63111877441406,21085.718541599723,-324.36890327424044,-0.015383345966337239,1.0
2026-05-21,SELL,JBHT,80.21043118513096,259.2300109863281,20792.950957339614,72.75,2026-05-20,262.8800048828125,21085.718541599723,-292.7675842601093,-0.013884638727511807,1.0
2026-05-21,SELL,ECHO,148.70040964599497,128.44000244140625,19099.080977969705,65.25,2026-05-20,141.8000030517578,21085.718541599723,-1986.6375636300181,-0.09421720961088466,1.0
2026-05-22,SELL,HST,945.5479490132537,22.3799991607666,21161.3623053812,79.0,2026-05-20,22.299999237060547,21085.718541599723,75.6437637814779,0.003587440647670667,2.0
2026-05-28,BUY,MS,100.93572705941894,203.7899932861328,20569.69113976992,90.0,,,,,,
2026-05-28,BUY,DELL,64.87838489746851,317.04998779296875,20569.69113976992,87.5,,,,,,
2026-05-28,BUY,GS,20.488853708044125,1003.9454345703125,20569.69113976992,83.75,,,,,,
2026-05-28,BUY,JBHT,75.47956835833415,272.5199890136719,20569.69113976992,83.75,,,,,,
2026-05-28,BUY,MGM,479.14491016879794,42.93000030517578,20569.69113976992,83.75,,,,,,
2026-05-29,SELL,GS,20.488853708044125,1021.06005859375,20920.350167654306,83.75,2026-05-28,1003.9454345703125,20569.69113976992,350.6590278843869,0.01704736476117595,1.0
2026-05-29,SELL,MGM,479.14491016879794,43.66999816894531,20924.257349730873,83.75,2026-05-28,42.93000030517578,20569.69113976992,354.56620996095444,0.01723731326599396,1.0
2026-05-29,SELL,DELL,64.87838489746851,420.9100036621094,27307.96122478521,82.5,2026-05-28,317.04998779296875,20569.69113976992,6738.2700850152905,0.32758246291736304,1.0
2026-06-01,SELL,JBHT,75.47956835833415,279.4599914550781,21093.519528453045,83.75,2026-05-28,272.5199890136719,20569.69113976992,523.8283886831268,0.02546603082777188,4.0
2026-06-03,SELL,MS,100.93572705941894,210.13999938964844,21210.633622660018,79.0,2026-05-28,203.7899932861328,20569.69113976992,640.9424828900992,0.03115955794060933,6.0
2026-06-04,BUY,BNY,154.77950088437242,144.02000427246094,22291.34437865669,90.0,,,,,,
2026-06-04,BUY,HST,911.7113980808218,24.450000762939453,22291.34437865669,90.0,,,,,,
2026-06-04,BUY,NTRS,129.4052309851437,172.25999450683594,22291.34437865669,90.0,,,,,,
2026-06-04,BUY,STT,136.96678573675385,162.75,22291.34437865669,90.0,,,,,,
2026-06-04,BUY,GWW,17.288555234784013,1289.3699951171875,22291.34437865669,90.0,,,,,,
2026-06-05,SELL,HST,911.7113980808218,24.6200008392334,22446.335385888488,85.0,2026-06-04,24.450000762939453,22291.34437865669,154.991007231798,0.00695296813861964,1.0
2026-06-05,SELL,BNY,154.77950088437242,142.38999938964844,22039.05303645588,79.0,2026-06-04,144.02000427246094,22291.34437865669,-252.2913422008096,-0.01131790608566306,1.0
2026-06-05,SELL,NTRS,129.4052309851437,170.47000122070312,22059.709884002816,79.0,2026-06-04,172.25999450683594,22291.34437865669,-231.63449465387384,-0.010391230368126971,1.0
2026-06-05,SELL,STT,136.96678573675385,161.75,22154.377592919936,79.0,2026-06-04,162.75,22291.34437865669,-136.96678573675308,-0.0061443932411674,1.0
2026-06-09,SELL,GWW,17.288555234784013,1329.800048828125,22990.321595383517,90.0,2026-06-04,1289.3699951171875,22291.34437865669,698.9772167268275,0.03135644063693519,5.0
2026-06-11,BUY,KIM,867.4935727739854,25.75,22337.959498930126,100.0,,,,,,
2026-06-11,BUY,CSX,471.56343682951695,47.369998931884766,22337.959498930126,90.0,,,,,,
2026-06-11,BUY,FRT,179.10486914926437,124.72000122070312,22337.959498930126,90.0,,,,,,
2026-06-11,BUY,MAR,56.28249306981668,396.8900146484375,22337.959498930126,90.0,,,,,,
2026-06-11,BUY,MNST,242.72476143893297,92.02999877929688,22337.959498930126,90.0,,,,,,
2026-06-12,SELL,MAR,56.28249306981668,402.5400085449219,22655.955241253512,90.0,2026-06-11,396.8900146484375,22337.959498930126,317.99574232338637,0.014235666527133633,1.0
2026-06-12,SELL,MNST,242.72476143893297,92.83000183105469,22532.14004881846,90.0,2026-06-11,92.02999877929688,22337.959498930126,194.1805498883332,0.008692850835262436,1.0
2026-06-15,SELL,CSX,471.56343682951695,47.38999938964844,22347.390983531328,79.0,2026-06-11,47.369998931884766,22337.959498930126,9.4314846012021,0.00042221782171526545,4.0
2026-06-15,SELL,FRT,179.10486914926437,124.70999908447266,22336.168067629354,79.0,2026-06-11,124.72000122070312,22337.959498930126,-1.7914313007713645,-8.019672973519201e-05,4.0
2026-06-15,SELL,KIM,867.4935727739854,25.350000381469727,21990.962400743065,79.0,2026-06-11,25.75,22337.959498930126,-346.99709818706106,-0.015533965768166087,4.0
2026-06-18,BUY,IEX,99.46438481702776,224.92999267578125,22372.52334839514,100.0,,,,,,
2026-06-18,BUY,HST,894.5431085026179,25.010000228881836,22372.52334839514,95.0,,,,,,
2026-06-18,BUY,GWW,16.38520502146165,1365.4100341796875,22372.52334839514,95.0,,,,,,
2026-06-18,BUY,CAT,22.694328764051157,985.8200073242188,22372.52334839514,93.75,,,,,,
2026-06-18,BUY,C,156.3855985614142,143.05999755859375,22372.523348395138,89.0,,,,,,
2026-06-22,SELL,GWW,16.38520502146165,1341.4200439453125,21979.442439942042,84.0,2026-06-18,1365.4100341796875,22372.52334839514,-393.08090845309925,-0.01756980660303105,4.0
2026-06-22,SELL,CAT,22.694328764051157,1022.280029296875,23199.95907378713,77.5,2026-06-18,985.8200073242188,22372.52334839514,827.435725391988,0.03698446136391418,4.0
2026-06-23,SELL,C,156.3855985614142,144.97000122070312,22671.22041434861,79.0,2026-06-18,143.05999755859375,22372.523348395138,298.6970659534709,0.013351067347300254,5.0
2026-06-23,SELL,HST,894.5431085026179,24.81999969482422,22202.559680042083,79.0,2026-06-18,25.010000228881836,22372.52334839514,-169.9636683530589,-0.007596982499752357,5.0
2026-06-23,SELL,IEX,99.46438481702776,221.1699981689453,21998.5378078573,79.0,2026-06-18,224.92999267578125,22372.52334839514,-373.9855405378403,-0.01671628786408966,5.0
2026-06-26,BUY,MNST,232.52069435393852,96.37999725341797,22410.343883195434,100.0,,,,,,
2026-06-26,BUY,SPG,98.77184513852961,226.88999938964844,22410.343883195434,100.0,,,,,,
2026-06-26,BUY,CSX,470.2128400114188,47.65999984741211,22410.343883195434,90.0,,,,,,
2026-06-26,BUY,PSA,69.08456756131343,324.3900146484375,22410.343883195434,90.0,,,,,,
2026-06-26,BUY,BNY,156.10437631867953,143.55999755859375,22410.343883195434,89.0,,,,,,
